query,run,statement_id,state,wall_clock_s,execution_time_ms,total_time_ms,compilation_time_ms,data_scanned_bytes,rows_read,rows_returned,spill_to_disk_bytes,result_from_cache,warehouse_size,dbus_consumed_estimated,error
q24a,1,01f1938a-41bc-163d-b911-9a48244daf38,SUCCEEDED,161.08,158160,160351,2163,48376435478,6017737456,2919,0,False,2X-Small,0.175733,
q24a,2,01f1938a-a21f-1286-9b8b-40249d0abe43,SUCCEEDED,146.19,144240,145726,1455,50794446265,5949039772,2919,0,False,2X-Small,0.160267,
q24a,3,01f1938a-f9c1-1d31-8e4e-666a9784bd52,SUCCEEDED,149.74,147147,148639,1463,46810647234,5949039772,2919,0,False,2X-Small,0.163497,
q24a,4,01f1938b-5361-12bc-8ce8-44a5edc2e81b,SUCCEEDED,152.05,150642,151572,901,47002518506,5949039772,2919,0,False,2X-Small,0.16738,
q24a,5,01f1938b-ae72-1efa-a343-7f3a39677f0a,SUCCEEDED,142.18,139970,141284,1278,50217039996,5949039772,2919,0,False,2X-Small,0.155522,
q24b,1,01f1938c-03a1-11d8-b149-da569b006d84,SUCCEEDED,142.58,141372,142176,777,46890519405,5948728014,322,0,False,2X-Small,0.15708,
q24b,2,01f1938c-590c-1752-98f3-ca9050efc7a6,SUCCEEDED,112.94,111362,112436,1038,49098595815,5960293200,322,0,False,2X-Small,0.123736,
q24b,3,01f1938c-9cb8-1432-bd7a-613f61ae8e43,SUCCEEDED,120.17,117059,118037,954,46983251156,5960293200,322,0,False,2X-Small,0.130066,
q24b,4,01f1938c-e4c6-1d98-bc56-32ea5adfe537,SUCCEEDED,121.83,120349,121414,1033,46934462515,5960293200,322,0,False,2X-Small,0.133721,
q24b,5,01f1938d-2dd5-1f88-a27d-fba65bca9009,SUCCEEDED,149.42,147464,148456,962,50007302521,5960293200,322,0,False,2X-Small,0.163849,
q34,1,01f1938d-874f-174f-ac86-10546b15c022,SUCCEEDED,6.65,4862,6131,1233,865993313,373625564,8489,0,False,2X-Small,0.005402,
q34,2,01f1938d-8be1-162e-a6c5-4b43d9e3be35,SUCCEEDED,4.59,3358,3811,430,878410670,373625564,8489,0,False,2X-Small,0.003731,
q34,3,01f1938d-8f06-1204-b9a5-d25da43a75d3,SUCCEEDED,4.11,3088,3524,415,959269492,385592820,8489,0,False,2X-Small,0.003431,
q34,4,01f1938d-91f0-1003-b4a0-210007ebe736,SUCCEEDED,4.14,3062,3560,465,959269492,385592820,8489,0,False,2X-Small,0.003402,
q34,5,01f1938d-94f0-1d84-893d-084da519e4b4,SUCCEEDED,4.02,2990,3466,445,959269492,385592820,8489,0,False,2X-Small,0.003322,
q39a,1,01f1938d-97cc-1d3a-aff0-f451ede97c9b,SUCCEEDED,5.11,3308,4460,1123,98433688,24300079,14551,0,False,2X-Small,0.003676,
q39a,2,01f1938d-9b5c-1d7a-8c36-c4dcce381253,SUCCEEDED,3.91,2793,3273,452,99098231,24300079,14551,0,False,2X-Small,0.003103,
q39a,3,01f1938d-9e50-1580-af34-d48f382710da,SUCCEEDED,3.76,2492,2921,405,99098231,24300079,14551,0,False,2X-Small,0.002769,
q39a,4,01f1938d-a12e-1adb-89d1-d4b84539c266,SUCCEEDED,4.11,2736,3275,517,99098231,24300079,14551,0,False,2X-Small,0.00304,
q39a,5,01f1938d-a41d-1109-99e6-37e44e8a5c25,SUCCEEDED,4.6,3207,3926,696,99098231,24300079,14551,0,False,2X-Small,0.003563,
q39b,1,01f1938d-a778-1d3b-a67b-c1b2766b3fbd,SUCCEEDED,4.44,3153,3970,790,99098231,24300079,594,0,False,2X-Small,0.003503,
q39b,2,01f1938d-aa91-1666-bfdd-989c85f8a3c8,SUCCEEDED,3.67,2586,3167,557,99098231,24300079,594,0,False,2X-Small,0.002873,
q39b,3,01f1938d-ad39-1dcf-8324-d321b608258c,SUCCEEDED,4.11,2980,3501,497,99098231,24300079,594,0,False,2X-Small,0.003311,
q39b,4,01f1938d-b010-1c0c-bb46-39351fb4526f,SUCCEEDED,3.63,2692,3196,472,99098231,24300079,594,0,False,2X-Small,0.002991,
q39b,5,01f1938d-b2af-1f79-bde2-36ca244c8be4,SUCCEEDED,3.66,2745,3177,407,99098231,24300079,594,0,False,2X-Small,0.00305,
q52,1,01f1938d-b54d-1887-ba7a-078ca0318b3b,SUCCEEDED,2.7,1950,2288,300,520816637,88798449,100,0,False,2X-Small,0.002167,
q52,2,01f1938d-b756-15bb-bb0f-b2a9ddfc8ca9,SUCCEEDED,2.7,1092,1424,301,520896981,88798449,100,0,False,2X-Small,0.001213,
q52,3,01f1938d-b95b-188c-8782-dd7594ae358e,SUCCEEDED,2.61,1329,1630,277,520896981,88798449,100,0,False,2X-Small,0.001477,
q52,4,01f1938d-bb49-1095-abf6-18c94855a661,SUCCEEDED,2.75,1269,1602,311,520896981,88798449,100,0,False,2X-Small,0.00141,
q52,5,01f1938d-bd57-1845-94a4-928cff8d11b4,SUCCEEDED,2.63,1075,1412,310,520896981,88798449,100,0,False,2X-Small,0.001194,
q64,1,01f1938d-bf4f-1f58-9712-87eed23badf9,SUCCEEDED,54.07,51260,53413,2126,47905320132,2924180195,12185,0,False,2X-Small,0.056956,
q64,2,01f1938d-e045-1fa0-a914-dea9932bd58c,SUCCEEDED,43.03,39664,42246,2553,32062720528,2924176300,12185,0,False,2X-Small,0.044071,
q64,3,01f1938d-fa96-1fe2-8972-00533b558cd4,SUCCEEDED,46.87,41634,44834,3151,32203846392,2924184075,12185,0,False,2X-Small,0.04626,
q64,4,01f1938e-1746-1549-bf80-daa11ee62700,SUCCEEDED,47.04,42240,45225,2953,30573201852,2953287163,12185,0,False,2X-Small,0.046933,
q64,5,01f1938e-33d6-14df-a928-b2fc0503180f,SUCCEEDED,46.77,43250,46034,2757,30457452383,2953287163,12185,0,False,2X-Small,0.048056,
q72,1,01f1938e-5051-1a4f-992a-25aa1fa91cb5,SUCCEEDED,25.7,24098,25331,1184,5657462946,578079250,100,0,False,2X-Small,0.026776,
q72,2,01f1938e-6002-1816-bf00-3e7b9b074ddb,SUCCEEDED,19.92,18247,19474,1202,4706843974,578079250,100,0,False,2X-Small,0.020274,
q72,3,01f1938e-6c57-1b8e-8f3d-1b0a117f9e92,SUCCEEDED,18.88,17529,18440,886,4560361741,578079250,100,0,False,2X-Small,0.019477,
q72,4,01f1938e-780a-1c70-a1a6-e1db54b2fb1a,SUCCEEDED,18.3,17001,17901,874,4560361741,578079250,100,0,False,2X-Small,0.01889,
q72,5,01f1938e-8351-1e42-8005-987ec90fe807,SUCCEEDED,18.11,16920,17742,800,4560361741,578079250,100,0,False,2X-Small,0.0188,
q82,1,01f1938e-8e88-1fad-9d7d-b23f1cc28436,SUCCEEDED,10.06,8644,9271,592,8726475833,2851298108,19,0,False,2X-Small,0.009604,
q82,2,01f1938e-94f8-136f-ae50-551102ad3fc3,SUCCEEDED,6.64,5835,6211,349,8727240065,2851298108,19,0,False,2X-Small,0.006483,
q82,3,01f1938e-996c-15b9-ab87-1314ec81fca1,SUCCEEDED,6.2,5433,5827,370,8727493523,2851298108,19,0,False,2X-Small,0.006037,
q82,4,01f1938e-9d89-1a15-a448-55963a8b7c2b,SUCCEEDED,5.89,5143,5516,350,8727493673,2851298108,19,0,False,2X-Small,0.005714,
q82,5,01f1938e-a181-1845-a316-4ac0eb47f348,SUCCEEDED,5.99,5115,5548,408,8727493673,2851298108,19,0,False,2X-Small,0.005683,
q95,1,01f1938e-a57b-1a71-8c16-d9bcd11a9632,SUCCEEDED,46.65,43113,44146,1006,3810181828,1009897428,1,0,False,2X-Small,0.047903,
q95,2,01f1938e-c1c0-1f79-a137-fec8f382ff75,SUCCEEDED,10.07,7429,8304,854,2645995157,874991631,1,0,False,2X-Small,0.008254,
q95,3,01f1938e-c837-11b7-a7e6-d33af4181ade,SUCCEEDED,7.4,6008,6982,942,2646318121,874991631,1,0,False,2X-Small,0.006676,
q95,4,01f1938e-cd0b-17b2-b366-23b4a7f2f1aa,SUCCEEDED,10.07,6287,7455,1136,2646378430,874991631,1,0,False,2X-Small,0.006986,
q95,5,01f1938e-d385-177b-bf9f-a91bf1d78c14,SUCCEEDED,6.58,5335,6166,807,2646378430,874991631,1,0,False,2X-Small,0.005928,
q99,1,01f1938e-d7e6-16c6-8a87-eb183bb90557,SUCCEEDED,10.68,9139,10265,1093,1111961104,406129852,100,0,False,2X-Small,0.010154,
q99,2,01f1938e-deab-1233-813c-e23acaed71ed,SUCCEEDED,10.11,8211,8874,626,1175164251,406129852,100,0,False,2X-Small,0.009123,
q99,3,01f1938e-e510-1b3b-b6eb-ea41eac78992,SUCCEEDED,10.12,8164,8616,425,1175164251,406129852,100,0,False,2X-Small,0.009071,
q99,4,01f1938e-eb9b-1a5e-8728-838c478adbd0,SUCCEEDED,10.04,8313,8978,641,1175164251,406129852,100,0,False,2X-Small,0.009237,
q99,5,01f1938e-f211-13a3-b2bf-00e7a94e3aac,SUCCEEDED,10.14,7911,8331,392,1175164251,406129852,100,0,False,2X-Small,0.00879,
