query,run,statement_id,state,wall_clock_s,execution_time_ms,total_time_ms,compilation_time_ms,data_scanned_bytes,rows_read,rows_returned,spill_to_disk_bytes,result_from_cache,warehouse_size,dbus_consumed_estimated
q24a,1,01f19417-1477-1b17-8694-1d3d984442d2,SUCCEEDED,6.35,1704,6039,4279,316019,385,0,0,False,2X-Small (Serverless),0.001893
q24a,2,01f19417-18b4-182d-9144-df72aeb0b02d,SUCCEEDED,2.86,522,2165,1477,316020,385,0,0,False,2X-Small (Serverless),0.00058
q24a,3,01f19417-1ae5-1cc1-8c4d-b8d43d1c8744,SUCCEEDED,2.68,547,1886,1316,316020,385,0,0,False,2X-Small (Serverless),0.000608
q24a,4,01f19417-1ce3-112c-8b25-cb80280bea6a,SUCCEEDED,2.55,536,1413,849,316020,385,0,0,False,2X-Small (Serverless),0.000596
q24a,5,01f19417-1ed7-1b2c-be9d-4ef607e0ee97,SUCCEEDED,2.65,808,2341,1501,316020,385,0,0,False,2X-Small (Serverless),0.000898
q24b,1,01f19417-20d0-154f-a6bd-6d94bb148254,SUCCEEDED,2.61,564,1682,1091,316020,43,0,0,False,2X-Small (Serverless),0.000627
q24b,2,01f19417-22ba-1c7f-9d0d-6aaf9780402b,SUCCEEDED,2.77,458,1374,890,316020,43,0,0,False,2X-Small (Serverless),0.000509
q24b,3,01f19417-24b9-1a32-a9f7-b0dc42b07c13,SUCCEEDED,2.64,603,1649,1024,316020,43,0,0,False,2X-Small (Serverless),0.00067
q24b,4,01f19417-26a6-1280-bff8-2a691587dfc3,SUCCEEDED,2.65,683,1588,877,316020,43,0,0,False,2X-Small (Serverless),0.000759
q24b,5,01f19417-28a1-1191-9667-dfd98ae1fbf2,SUCCEEDED,2.71,661,1425,734,316020,43,0,0,False,2X-Small (Serverless),0.000734
q34,1,01f19417-2ad0-1240-8582-8e765c22f776,SUCCEEDED,4.15,2270,3657,1362,17268297,127039,218,0,False,2X-Small (Serverless),0.002522
q34,2,01f19417-2dbb-1fd8-b86b-2362af8a11be,SUCCEEDED,2.8,1179,1729,526,17292773,127039,218,0,False,2X-Small (Serverless),0.00131
q34,3,01f19417-2fe2-1ab1-832f-6a90dceda785,SUCCEEDED,2.77,1168,2173,977,17292773,127039,218,0,False,2X-Small (Serverless),0.001298
q34,4,01f19417-31ed-12e3-8ffc-f53db08cb135,SUCCEEDED,2.65,1253,1867,582,17292773,127039,218,0,False,2X-Small (Serverless),0.001392
q34,5,01f19417-33f4-17fe-ab48-a22e92e62bcf,SUCCEEDED,2.62,1506,2129,603,17292773,127039,218,0,False,2X-Small (Serverless),0.001673
q39a,1,01f19417-35f0-1120-8825-73e1cb60afd7,SUCCEEDED,3.72,2207,3311,1083,2206228,378064,206,0,False,2X-Small (Serverless),0.002452
q39a,2,01f19417-388e-1839-ad01-446c288a2cf7,SUCCEEDED,3.71,2721,3271,519,2209908,378064,206,0,False,2X-Small (Serverless),0.003023
q39a,3,01f19417-3b35-1186-93cc-b5251a139a25,SUCCEEDED,2.68,1785,2323,515,2209908,378064,206,0,False,2X-Small (Serverless),0.001983
q39a,4,01f19417-3d43-16ca-bd7a-2b42c301e530,SUCCEEDED,3.4,2359,2901,522,2209908,378064,206,0,False,2X-Small (Serverless),0.002621
q39a,5,01f19417-3fa7-1ea8-92db-7386516d27d3,SUCCEEDED,2.78,1843,2382,516,2209908,378064,206,0,False,2X-Small (Serverless),0.002048
q39b,1,01f19417-41cd-1e41-be68-23d0af830481,SUCCEEDED,2.72,1690,2164,450,2209908,378064,10,0,False,2X-Small (Serverless),0.001878
q39b,2,01f19417-43ce-127a-95dc-90a93397855f,SUCCEEDED,2.85,1514,2327,793,2209908,378064,10,0,False,2X-Small (Serverless),0.001682
q39b,3,01f19417-45de-17e6-a48c-68ced3aae107,SUCCEEDED,2.69,1612,2148,510,2209908,378064,10,0,False,2X-Small (Serverless),0.001791
q39b,4,01f19417-47e5-15df-93e7-b0b4ddfba1d9,SUCCEEDED,2.8,1687,2358,646,2209908,378064,10,0,False,2X-Small (Serverless),0.001874
q39b,5,01f19417-49ef-1592-9c75-1d6cace97720,SUCCEEDED,2.72,1431,1949,495,2209908,378064,10,0,False,2X-Small (Serverless),0.00159
q52,1,01f19417-4bf5-1f15-8aaf-c14ff345cb15,SUCCEEDED,2.7,904,1329,397,4314099,2103,100,0,False,2X-Small (Serverless),0.001004
q52,2,01f19417-4df9-1d16-ae23-71fe8e13a44e,SUCCEEDED,2.72,675,1020,321,4316736,2103,100,0,False,2X-Small (Serverless),0.00075
q52,3,01f19417-5005-1db4-aff5-871b5e9134b0,SUCCEEDED,2.71,809,1208,370,4316736,2103,100,0,False,2X-Small (Serverless),0.000899
q52,4,01f19417-520a-1efc-a1a7-2d6656e21154,SUCCEEDED,2.75,769,1391,587,4316736,2103,100,0,False,2X-Small (Serverless),0.000854
q52,5,01f19417-541a-1eb1-a9c8-f814fa99649d,SUCCEEDED,2.76,678,1062,354,4316736,2103,100,0,False,2X-Small (Serverless),0.000753
q64,1,01f19417-561c-17c4-b6af-7b0f2f4e274e,SUCCEEDED,11.91,8271,11446,3148,239676937,7859726,9,0,False,2X-Small (Serverless),0.00919
q64,2,01f19417-5da0-1833-9518-57f552d17582,SUCCEEDED,12.1,8860,11680,2797,225627456,7859726,9,0,False,2X-Small (Serverless),0.009844
q64,3,01f19417-6545-1db4-8868-255e30646a4c,SUCCEEDED,11.88,8533,11334,2769,225627456,7859726,9,0,False,2X-Small (Serverless),0.009481
q64,4,01f19417-6cc8-1832-afc6-212ed9985225,SUCCEEDED,10.68,7467,10086,2591,225627456,7859726,9,0,False,2X-Small (Serverless),0.008297
q64,5,01f19417-737b-147e-84fe-cd06e7e3d811,SUCCEEDED,10.34,7416,9888,2451,225627456,7859726,9,0,False,2X-Small (Serverless),0.00824
q72,1,01f19417-7a13-1c6d-be6d-ce0f0547fd5c,SUCCEEDED,6.45,3768,6070,2279,86462024,11825342,100,0,False,2X-Small (Serverless),0.004187
q72,2,01f19417-7e64-1d65-a44a-c0c8f22fdc71,SUCCEEDED,4.62,3014,4131,1093,86462027,11825342,100,0,False,2X-Small (Serverless),0.003349
q72,3,01f19417-8196-1652-9407-29aaf4a8326d,SUCCEEDED,5.03,2988,4620,1605,86462027,11825342,100,0,False,2X-Small (Serverless),0.00332
q72,4,01f19417-8506-15ca-878b-a6ea4ed27ef6,SUCCEEDED,4.78,3238,4371,1110,86462027,11825342,100,0,False,2X-Small (Serverless),0.003598
q72,5,01f19417-8866-15b7-bcbf-14c4d80741ac,SUCCEEDED,5.02,3217,4533,1288,86462027,11825342,100,0,False,2X-Small (Serverless),0.003574
q82,1,01f19417-8bd5-1199-be4f-a42b2bf49265,SUCCEEDED,3.46,1972,2996,1000,119136608,255910,4,0,False,2X-Small (Serverless),0.002191
q82,2,01f19417-8e60-1a89-ba04-fffb4080d4f5,SUCCEEDED,2.76,1767,2361,564,119142228,255910,4,0,False,2X-Small (Serverless),0.001963
q82,3,01f19417-907e-1e63-9fc3-39c11bfb5b11,SUCCEEDED,2.6,1358,2144,766,119142228,255910,4,0,False,2X-Small (Serverless),0.001509
q82,4,01f19417-9275-1a0c-9753-5bf6e380521b,SUCCEEDED,2.72,1703,2285,561,119142228,255910,4,0,False,2X-Small (Serverless),0.001892
q82,5,01f19417-9484-1941-bcf5-3ac5ee7555bd,SUCCEEDED,2.69,1351,2008,634,119142228,255910,4,0,False,2X-Small (Serverless),0.001501
q95,1,01f19417-9687-1102-9709-eb3396f716a1,SUCCEEDED,5.17,2965,4794,1804,139193172,792448,1,0,False,2X-Small (Serverless),0.003294
q95,2,01f19417-99fe-19aa-b9e5-75a9f50123ff,SUCCEEDED,4.3,2453,3883,1397,139193172,792448,1,0,False,2X-Small (Serverless),0.002726
q95,3,01f19417-9d04-1346-ba23-a514690f1878,SUCCEEDED,3.4,1991,3032,1017,139193172,792448,1,0,False,2X-Small (Serverless),0.002212
q95,4,01f19417-9f88-107c-ad5b-1eb3db1ef6a0,SUCCEEDED,2.73,1667,2366,671,139193172,792448,1,0,False,2X-Small (Serverless),0.001852
q95,5,01f19417-a194-1cb3-9d49-132d05bf7fe8,SUCCEEDED,2.92,1546,2462,886,139193172,792448,1,0,False,2X-Small (Serverless),0.001718
q99,1,01f19417-a3ac-15e4-9e31-da6d657db1cd,SUCCEEDED,2.89,1289,2441,1126,102737492,285857,90,0,False,2X-Small (Serverless),0.001432
q99,2,01f19417-a5cc-17a7-9925-c76dfd38ccbc,SUCCEEDED,2.68,1529,2106,542,102739783,285857,90,0,False,2X-Small (Serverless),0.001699
q99,3,01f19417-a7d5-14ee-97ec-de20d78a1749,SUCCEEDED,2.7,1282,1905,592,102739783,285857,90,0,False,2X-Small (Serverless),0.001424
q99,4,01f19417-a9d4-12af-bd7e-a366e2722387,SUCCEEDED,2.6,943,1638,666,102739783,285857,90,0,False,2X-Small (Serverless),0.001048
q99,5,01f19417-abc7-1036-be82-91e222122e0c,SUCCEEDED,2.73,885,1413,505,102739783,285857,90,0,False,2X-Small (Serverless),0.000983
