user_id,query,run,statement_id,state,submit_epoch_rel_s,end_epoch_rel_s,wall_clock_s,execution_time_ms,queue_time_ms,total_time_ms,compilation_time_ms,data_scanned_bytes,rows_read,rows_returned,spill_to_disk_bytes,result_from_cache,warehouse_size,dbus_consumed_estimated
4,q24a,1,01f1942d-7972-15e1-ab45-daf5578ac4c4,SUCCEEDED,1.655,786.708,785.05,530020,65,533152,3067,47531126349,5949039772,2919,0,False,2X-Small,0.588911
1,q24a,1,01f1942d-796a-1143-b2f9-bcfb50fd956e,SUCCEEDED,1.598,786.707,785.11,544616,32,547709,3061,47217742584,5949039772,2919,0,False,2X-Small,0.605129
2,q24a,1,01f1942d-7967-11e7-9f40-c48ff8d3a4c3,SUCCEEDED,1.578,786.804,785.23,528529,37,531725,3159,47325536418,5949039772,2919,0,False,2X-Small,0.587254
5,q24a,1,01f1942d-7966-11ea-a02a-022f880689ea,SUCCEEDED,1.571,787.022,785.45,536301,39,539503,3163,47815763938,5949039772,2919,0,False,2X-Small,0.59589
3,q24a,1,01f1942d-7962-1497-9af5-e920363566bf,SUCCEEDED,1.548,799.3,797.75,528052,28,531211,3131,47519637642,5949039772,2919,0,False,2X-Small,0.586724
5,q24b,1,01f1942f-4e27-1a2d-a813-4e521d9a1fa7,SUCCEEDED,787.938,2530.414,1742.48,380190,63,381363,1110,47213323799,5960293200,322,0,False,2X-Small,0.422433
2,q24b,1,01f1942f-4deb-1e26-9baa-a94d970c0c37,SUCCEEDED,787.541,2530.415,1742.87,354738,43,355858,1077,47973706712,5960293200,322,0,False,2X-Small,0.394153
3,q24b,1,01f1942f-5566-1922-ab93-baf3c48aa8e9,SUCCEEDED,800.094,2533.383,1733.29,143907,289557,434694,1230,48173400597,5960293200,322,0,False,2X-Small,0.159897
4,q24b,1,01f1942f-4de5-1ec8-bad0-6846e9bb8470,SUCCEEDED,787.508,2533.45,1745.94,324006,66,325081,1009,47222786519,5960293200,322,0,False,2X-Small,0.360007
1,q24b,1,01f1942f-4de6-1d1a-bcb3-79ebd9792fa1,SUCCEEDED,787.521,2533.482,1745.96,386394,61,387534,1079,47179851443,5960293200,322,0,False,2X-Small,0.429327
3,q34,1,01f19433-5fd2-1fbe-a09a-7248dcab5d77,SUCCEEDED,2535.251,2576.426,41.17,22343,1824,36262,12095,902302974,373625564,8489,0,False,2X-Small,0.024826
5,q34,1,01f19433-5e20-10ac-8c90-f8ca06ccd5e0,SUCCEEDED,2532.212,2576.451,44.24,23303,4713,40063,12047,939985407,373625564,8489,0,False,2X-Small,0.025892
4,q34,1,01f19433-5ff1-1f66-a397-2eabf3adbefa,SUCCEEDED,2535.282,2576.481,41.2,22387,4473,37028,10168,948530388,373625564,8489,0,False,2X-Small,0.024874
2,q34,1,01f19433-5e1e-12de-aca5-b75dd2d2fc4b,SUCCEEDED,2532.219,2576.502,44.28,22397,4712,39135,12026,925596531,373625564,8489,0,False,2X-Small,0.024886
1,q34,1,01f19433-5ff3-13a8-8802-d73895f0ee19,SUCCEEDED,2535.284,2576.524,41.24,22418,4410,37202,10374,852743333,373625564,8489,0,False,2X-Small,0.024909
4,q39a,1,01f19433-79a0-17b9-841e-dd1dee4937b4,SUCCEEDED,2578.605,2596.014,17.41,10505,23,14561,4033,134400064,24300079,14551,0,False,2X-Small,0.011672
5,q39a,1,01f19433-799f-1c3c-abe9-c992ac87279f,SUCCEEDED,2578.574,2598.39,19.82,12172,26,15944,3746,110310238,24300079,14551,0,False,2X-Small,0.013524
2,q39a,1,01f19433-79a7-1333-85f3-d16b6dd66866,SUCCEEDED,2578.639,2598.285,19.65,12468,19,16303,3816,99098231,24300079,14551,0,False,2X-Small,0.013853
1,q39a,1,01f19433-79a8-1aab-a69f-e5fd15c7e3ca,SUCCEEDED,2578.666,2598.312,19.65,12716,31,16374,3627,99098231,24300079,14551,0,False,2X-Small,0.014129
3,q39a,1,01f19433-799e-143f-913a-9712b7eb257e,SUCCEEDED,2578.569,2598.974,20.41,13006,33,16710,3671,99098231,24300079,14551,0,False,2X-Small,0.014451
4,q39b,1,01f19433-868d-1e7c-8819-7c4a70c049ba,SUCCEEDED,2599.977,2605.128,5.15,2932,17,3671,722,99098231,24300079,594,0,False,2X-Small,0.003258
4,q52,1,01f19433-8a91-162f-94e0-b20757137006,SUCCEEDED,2607.018,2613.306,6.29,3925,28,5377,1424,520764782,88798449,100,0,False,2X-Small,0.004361
2,q39b,1,01f19433-8781-161b-9164-cc06d01d1a9e,SUCCEEDED,2601.664,2616.083,14.42,8838,1639,12882,2405,99098231,24300079,594,0,False,2X-Small,0.00982
3,q39b,1,01f19433-88d1-1933-98e6-ac08ec1d18d3,SUCCEEDED,2602.857,2616.681,13.82,8711,29,10597,1857,99098231,24300079,594,0,False,2X-Small,0.009679
5,q39b,1,01f19433-8772-1311-94e3-6c7cb7d9e7b5,SUCCEEDED,2601.617,2616.517,14.9,9610,1740,13772,2422,99098231,24300079,594,0,False,2X-Small,0.010678
1,q39b,1,01f19433-8784-1e22-b12f-f7fdb043bde2,SUCCEEDED,2601.687,2617.043,15.36,10018,1616,14149,2515,99098231,24300079,594,0,False,2X-Small,0.011131
2,q52,1,01f19433-910c-1b1e-be3c-a0d662df9815,SUCCEEDED,2617.87,2623.466,5.6,3429,25,4631,1177,520896981,88798449,100,0,False,2X-Small,0.00381
3,q52,1,01f19433-915f-188e-8b83-e575ffe1a439,SUCCEEDED,2618.43,2624.203,5.77,3280,24,4979,1675,520896981,88798449,100,0,False,2X-Small,0.003644
5,q52,1,01f19433-9162-13d6-abe4-b7a401a2f9f7,SUCCEEDED,2618.432,2624.67,6.24,3882,20,5431,1529,520896981,88798449,100,0,False,2X-Small,0.004313
1,q52,1,01f19433-91de-18a9-8ee7-35cefa8af3f4,SUCCEEDED,2618.903,2624.855,5.95,3427,23,4757,1307,520896981,88798449,100,0,False,2X-Small,0.003808
4,q64,1,01f19433-8ff4-16b6-a09a-9e5c290b0ee6,SUCCEEDED,2616.061,2717.791,101.73,88707,24,98138,9407,36496967418,2981406178,12185,0,False,2X-Small,0.098563
2,q64,1,01f19433-960f-1b8e-9af2-c9c48667c5c2,SUCCEEDED,2624.856,2720.765,95.91,87626,26,91944,4292,37153084281,2998065484,12185,0,False,2X-Small,0.097362
4,q72,1,01f19433-ce8e-1c75-b1da-e8cc9fa5eca4,SUCCEEDED,2721.049,2830.339,109.29,72168,31,77666,5467,6616148411,578079250,100,0,False,2X-Small,0.080187
5,q64,1,01f19433-970f-1fac-94f8-550e11737578,SUCCEEDED,2627.526,2863.799,236.27,138155,83144,230388,9089,31376844658,2984848774,12185,0,False,2X-Small,0.153506
2,q72,1,01f19433-d0db-177b-8a58-c6dc316cbb75,SUCCEEDED,2724.239,2866.181,141.94,62133,24741,89347,2473,4753183297,578079250,100,0,False,2X-Small,0.069037
1,q64,1,01f19433-9738-10ec-8018-506a3b6b989c,SUCCEEDED,2627.672,2867.333,239.66,139251,82878,232157,10028,31931195174,3004407303,12185,0,False,2X-Small,0.154723
3,q64,1,01f19433-96a1-1253-bfd1-124a539b583b,SUCCEEDED,2627.226,2865.51,238.28,136753,83870,229172,8549,31345350567,2953287163,12185,0,False,2X-Small,0.151948
4,q82,1,01f19434-2627-16d4-96c9-8a6bf1d43eb2,SUCCEEDED,2835.059,2880.082,45.02,9564,35,10734,1135,12882520747,2851298108,19,0,False,2X-Small,0.010627
2,q82,1,01f19434-2db3-11f6-ad95-744226626c9c,SUCCEEDED,2872.568,2917.209,44.64,32473,29,33705,1203,10697764967,2851298108,19,0,False,2X-Small,0.036081
4,q95,1,01f19434-2e79-1b87-aa09-44a4b8c4f22b,SUCCEEDED,2882.256,2917.979,35.72,28125,22,32798,4651,3104475575,874991631,1,0,False,2X-Small,0.03125
1,q72,1,01f19434-2cec-14fc-b0d0-e3ce2b9a0b10,SUCCEEDED,2878.421,2932.637,54.22,49936,23,52045,2086,5372688854,578079250,100,0,False,2X-Small,0.055484
3,q72,1,01f19434-2cf2-11e2-8b05-6da25c6eb310,SUCCEEDED,2879.134,2933.769,54.63,51364,27,53534,2143,5362775283,578079250,100,0,False,2X-Small,0.057071
2,q95,1,01f19434-4469-1ac8-a1a8-6a6aca1e44ca,SUCCEEDED,2918.413,2947.928,29.52,18812,6825,27946,2309,2654677662,874991631,1,0,False,2X-Small,0.020902
4,q99,1,01f19434-44c4-15c3-b5e7-e0375326dcda,SUCCEEDED,2919.676,2954.769,35.09,23764,6230,32234,2240,1111962365,406129852,100,0,False,2X-Small,0.026404
5,q72,1,01f19434-2ef2-1beb-a874-f605478e0d28,SUCCEEDED,2869.025,2961.957,92.93,32523,42839,77709,2347,4688852617,578079250,100,0,False,2X-Small,0.036137
3,q82,1,01f19434-4daf-1d2d-94fc-632825451786,SUCCEEDED,2934.615,2973.409,38.79,16523,20517,38045,1005,8727409621,2851298108,19,0,False,2X-Small,0.018359
2,q99,1,01f19434-5668-1306-9c55-bb86ef2bcdb9,SUCCEEDED,2949.16,2974.691,25.53,18258,5884,24945,803,1174676420,406129852,100,0,False,2X-Small,0.020287
1,q82,1,01f19434-4d36-1623-a3f9-6eb69b6d2cb9,SUCCEEDED,2933.805,2974.262,40.46,17765,21310,39958,883,8727493673,2851298108,19,0,False,2X-Small,0.019739
5,q82,1,01f19434-5e79-175a-a86d-3fac8dcbfbca,SUCCEEDED,2962.81,2979.967,17.16,6133,9506,16688,1049,8727493673,2851298108,19,0,False,2X-Small,0.006814
1,q95,1,01f19434-6662-14d9-b3d1-d43f3658f708,SUCCEEDED,2976.073,2989.402,13.33,8162,3164,12749,1423,2646378430,874991631,1,0,False,2X-Small,0.009069
3,q95,1,01f19434-65d6-195d-beaf-f44b06ad6098,SUCCEEDED,2974.333,2990.164,15.83,7508,4084,12894,1302,2646270467,874991631,1,0,False,2X-Small,0.008342
5,q95,1,01f19434-69fb-1f40-9472-11e6eeaadd07,SUCCEEDED,2981.4,2998.291,16.89,7713,5676,15067,1678,2646378430,874991631,1,0,False,2X-Small,0.00857
1,q99,1,01f19434-6f10-144f-a0b7-4dc5ffc91616,SUCCEEDED,2990.305,3002.605,12.3,10588,104,11429,737,1175164251,406129852,100,0,False,2X-Small,0.011764
3,q99,1,01f19434-6fbb-16ed-80a2-c770af598002,SUCCEEDED,2991.277,3013.67,22.39,13667,7031,21395,697,1175164251,406129852,100,0,False,2X-Small,0.015186
5,q99,1,01f19434-746c-1ca2-b6bb-c6e7a5d28b3a,SUCCEEDED,2999.604,3017.298,17.69,14915,154,15735,666,1175164251,406129852,100,0,False,2X-Small,0.016572
